"","date","new_cases_mov7","region","region_pop","new_cases_mov7_per_100000"
"1",2020-01-27,1,"SMC and SCC",2735213,0.0365602240118046
"2",2020-01-28,0.5,"SMC and SCC",2735213,0.0182801120059023
"3",2020-01-29,0.666666666666667,"SMC and SCC",2735213,0.0243734826745364
"4",2020-01-30,0.5,"SMC and SCC",2735213,0.0182801120059023
"5",2020-01-31,0.4,"SMC and SCC",2735213,0.0146240896047218
"6",2020-02-01,0.333333333333333,"SMC and SCC",2735213,0.0121867413372682
"7",2020-02-02,0.285714285714286,"SMC and SCC",2735213,0.010445778289087
"8",2020-02-03,0.142857142857143,"SMC and SCC",2735213,0.00522288914454351
"9",2020-02-04,0.142857142857143,"SMC and SCC",2735213,0.00522288914454351
"10",2020-02-05,0,"SMC and SCC",2735213,0
"11",2020-02-06,0,"SMC and SCC",2735213,0
"12",2020-02-07,0,"SMC and SCC",2735213,0
"13",2020-02-08,0,"SMC and SCC",2735213,0
"14",2020-02-09,0,"SMC and SCC",2735213,0
"15",2020-02-10,0,"SMC and SCC",2735213,0
"16",2020-02-11,0,"SMC and SCC",2735213,0
"17",2020-02-12,0,"SMC and SCC",2735213,0
"18",2020-02-13,0,"SMC and SCC",2735213,0
"19",2020-02-14,0,"SMC and SCC",2735213,0
"20",2020-02-15,0,"SMC and SCC",2735213,0
"21",2020-02-16,0,"SMC and SCC",2735213,0
"22",2020-02-17,0.142857142857143,"SMC and SCC",2735213,0.00522288914454351
"23",2020-02-18,0.142857142857143,"SMC and SCC",2735213,0.00522288914454351
"24",2020-02-19,0.142857142857143,"SMC and SCC",2735213,0.00522288914454351
"25",2020-02-20,0.285714285714286,"SMC and SCC",2735213,0.010445778289087
"26",2020-02-21,0.285714285714286,"SMC and SCC",2735213,0.010445778289087
"27",2020-02-22,0.285714285714286,"SMC and SCC",2735213,0.010445778289087
"28",2020-02-23,0.285714285714286,"SMC and SCC",2735213,0.010445778289087
"29",2020-02-24,0.142857142857143,"SMC and SCC",2735213,0.00522288914454351
"30",2020-02-25,0.142857142857143,"SMC and SCC",2735213,0.00522288914454351
"31",2020-02-26,0.428571428571429,"SMC and SCC",2735213,0.0156686674336305
"32",2020-02-27,0.285714285714286,"SMC and SCC",2735213,0.010445778289087
"33",2020-02-28,0.571428571428571,"SMC and SCC",2735213,0.020891556578174
"34",2020-02-29,1.14285714285714,"SMC and SCC",2735213,0.0417831131563481
"35",2020-03-01,1.14285714285714,"SMC and SCC",2735213,0.0417831131563481
"36",2020-03-02,1.85714285714286,"SMC and SCC",2735213,0.0678975588790656
"37",2020-03-03,2.14285714285714,"SMC and SCC",2735213,0.0783433371681526
"38",2020-03-04,2.85714285714286,"SMC and SCC",2735213,0.10445778289087
"39",2020-03-05,4.14285714285714,"SMC and SCC",2735213,0.151463785191762
"40",2020-03-06,5.28571428571429,"SMC and SCC",2735213,0.19324689834811
"41",2020-03-07,6.57142857142857,"SMC and SCC",2735213,0.240252900649001
"42",2020-03-08,7.14285714285714,"SMC and SCC",2735213,0.261144457227175
"43",2020-03-09,9.71428571428571,"SMC and SCC",2735213,0.355156461828959
"44",2020-03-10,11.8571428571429,"SMC and SCC",2735213,0.433499798997111
"45",2020-03-11,14.7142857142857,"SMC and SCC",2735213,0.537957581887981
"46",2020-03-12,17.2857142857143,"SMC and SCC",2735213,0.631969586489765
"47",2020-03-13,24.1428571428571,"SMC and SCC",2735213,0.882668265427853
"48",2020-03-14,28.8571428571429,"SMC and SCC",2735213,1.05502360719779
"49",2020-03-15,33.8571428571429,"SMC and SCC",2735213,1.23782472725681
"50",2020-03-16,39.2857142857143,"SMC and SCC",2735213,1.43629451474947
"51",2020-03-17,46.2857142857143,"SMC and SCC",2735213,1.6922160828321
"52",2020-03-18,49.7142857142857,"SMC and SCC",2735213,1.81756542230114
"53",2020-03-19,53.5714285714286,"SMC and SCC",2735213,1.95858342920382
"54",2020-03-20,56.2857142857143,"SMC and SCC",2735213,2.05781832295014
"55",2020-03-21,55.8571428571429,"SMC and SCC",2735213,2.04214965551651
"56",2020-03-22,59.4285714285714,"SMC and SCC",2735213,2.1727218841301
"57",2020-03-23,65.8571428571429,"SMC and SCC",2735213,2.40775189563456
"58",2020-03-24,70.7142857142857,"SMC and SCC",2735213,2.58533012654904
"59",2020-03-25,76.8571428571429,"SMC and SCC",2735213,2.80991435976441
"60",2020-03-26,84.8571428571429,"SMC and SCC",2735213,3.10239615185884
"61",2020-03-27,90,"SMC and SCC",2735213,3.29042016106241
"62",2020-03-28,91.7142857142857,"SMC and SCC",2735213,3.35309483079693
"63",2020-03-29,92.2857142857143,"SMC and SCC",2735213,3.37398638737511
"64",2020-03-30,94,"SMC and SCC",2735213,3.43666105710963
"65",2020-03-31,91.7142857142857,"SMC and SCC",2735213,3.35309483079693
"66",2020-04-01,92.1428571428571,"SMC and SCC",2735213,3.36876349823056
"67",2020-04-02,87.4285714285714,"SMC and SCC",2735213,3.19640815646063
"68",2020-04-03,88.5714285714286,"SMC and SCC",2735213,3.23819126961698
"69",2020-04-04,86.4285714285714,"SMC and SCC",2735213,3.15984793244882
"70",2020-04-05,87.1428571428571,"SMC and SCC",2735213,3.18596237817154
"71",2020-04-06,79.5714285714286,"SMC and SCC",2735213,2.90914925351073
"72",2020-04-07,78,"SMC and SCC",2735213,2.85169747292076
"73",2020-04-08,78.2857142857143,"SMC and SCC",2735213,2.86214325120984
"74",2020-04-09,79.2857142857143,"SMC and SCC",2735213,2.89870347522165
"75",2020-04-10,76,"SMC and SCC",2735213,2.77857702489715
"76",2020-04-11,78.4285714285714,"SMC and SCC",2735213,2.86736614035439
"77",2020-04-12,72.5714285714286,"SMC and SCC",2735213,2.6532276854281
"78",2020-04-13,71.4285714285714,"SMC and SCC",2735213,2.61144457227175
"79",2020-04-14,68.7142857142857,"SMC and SCC",2735213,2.51220967852543
"80",2020-04-15,61.5714285714286,"SMC and SCC",2735213,2.25106522129825
"81",2020-04-16,57.8571428571429,"SMC and SCC",2735213,2.11527010354012
"82",2020-04-17,54.1428571428571,"SMC and SCC",2735213,1.97947498578199
"83",2020-04-18,52.5714285714286,"SMC and SCC",2735213,1.92202320519201
"84",2020-04-19,55.7142857142857,"SMC and SCC",2735213,2.03692676637197
"85",2020-04-20,54.7142857142857,"SMC and SCC",2735213,2.00036654236016
"86",2020-04-21,54.2857142857143,"SMC and SCC",2735213,1.98469787492653
"87",2020-04-22,58,"SMC and SCC",2735213,2.12049299268466
"88",2020-04-23,56.7142857142857,"SMC and SCC",2735213,2.07348699038377
"89",2020-04-24,54.7142857142857,"SMC and SCC",2735213,2.00036654236016
"90",2020-04-25,54.5714285714286,"SMC and SCC",2735213,1.99514365321562
"91",2020-04-26,50.8571428571429,"SMC and SCC",2735213,1.85934853545749
"92",2020-04-27,51.8571428571429,"SMC and SCC",2735213,1.89590875946929
"93",2020-04-28,52.4285714285714,"SMC and SCC",2735213,1.91680031604747
"94",2020-04-29,50.2857142857143,"SMC and SCC",2735213,1.83845697887932
"95",2020-04-30,49.2857142857143,"SMC and SCC",2735213,1.80189675486751
"96",2020-05-01,47.8571428571429,"SMC and SCC",2735213,1.74966786342208
"97",2020-05-02,45.8571428571429,"SMC and SCC",2735213,1.67654741539847
"98",2020-05-03,46.1428571428571,"SMC and SCC",2735213,1.68699319368755
"99",2020-05-04,45,"SMC and SCC",2735213,1.64521008053121
"100",2020-05-05,42.1428571428571,"SMC and SCC",2735213,1.54075229764034
"101",2020-05-06,42.5714285714286,"SMC and SCC",2735213,1.55642096507397
"102",2020-05-07,41.5714285714286,"SMC and SCC",2735213,1.51986074106216
"103",2020-05-08,41.8571428571429,"SMC and SCC",2735213,1.53030651935125
"104",2020-05-09,41.7142857142857,"SMC and SCC",2735213,1.5250836302067
"105",2020-05-10,40.2857142857143,"SMC and SCC",2735213,1.47285473876127
"106",2020-05-11,39.4285714285714,"SMC and SCC",2735213,1.44151740389401
"107",2020-05-12,38.1428571428571,"SMC and SCC",2735213,1.39451140159312
"108",2020-05-13,36.7142857142857,"SMC and SCC",2735213,1.34228251014768
"109",2020-05-14,39.5714285714286,"SMC and SCC",2735213,1.44674029303855
"110",2020-05-15,38.2857142857143,"SMC and SCC",2735213,1.39973429073766
"111",2020-05-16,42.5714285714286,"SMC and SCC",2735213,1.55642096507397
"112",2020-05-17,42,"SMC and SCC",2735213,1.53552940849579
"113",2020-05-18,44.4285714285714,"SMC and SCC",2735213,1.62431852395303
"114",2020-05-19,50,"SMC and SCC",2735213,1.82801120059023
"115",2020-05-20,56.2857142857143,"SMC and SCC",2735213,2.05781832295014
"116",2020-05-21,57.8571428571429,"SMC and SCC",2735213,2.11527010354012
"117",2020-05-22,62,"SMC and SCC",2735213,2.26673388873188
"118",2020-05-23,60.1428571428571,"SMC and SCC",2735213,2.19883632985282
"119",2020-05-24,62.1428571428571,"SMC and SCC",2735213,2.27195677787643
"120",2020-05-25,58.4285714285714,"SMC and SCC",2735213,2.1361616601183
"121",2020-05-26,61.1428571428571,"SMC and SCC",2735213,2.23539655386462
"122",2020-05-27,57.4285714285714,"SMC and SCC",2735213,2.09960143610649
"123",2020-05-28,56.7142857142857,"SMC and SCC",2735213,2.07348699038377
"124",2020-05-29,59,"SMC and SCC",2735213,2.15705321669647
"125",2020-05-30,60.4285714285714,"SMC and SCC",2735213,2.2092821081419
"126",2020-05-31,60.5714285714286,"SMC and SCC",2735213,2.21450499728645
"127",2020-06-01,63.4285714285714,"SMC and SCC",2735213,2.31896278017732
"128",2020-06-02,59.5714285714286,"SMC and SCC",2735213,2.17794477327464
"129",2020-06-03,59.1428571428571,"SMC and SCC",2735213,2.16227610584101
"130",2020-06-04,62.5714285714286,"SMC and SCC",2735213,2.28762544531006
"131",2020-06-05,60,"SMC and SCC",2735213,2.19361344070827
"132",2020-06-06,59.1428571428571,"SMC and SCC",2735213,2.16227610584101
"133",2020-06-07,61.1428571428571,"SMC and SCC",2735213,2.23539655386462
"134",2020-06-08,64.5714285714286,"SMC and SCC",2735213,2.36074589333367
"135",2020-06-09,68.1428571428571,"SMC and SCC",2735213,2.49131812194725
"136",2020-06-10,70.5714285714286,"SMC and SCC",2735213,2.58010723740449
"137",2020-06-11,71,"SMC and SCC",2735213,2.59577590483812
"138",2020-06-12,74.4285714285714,"SMC and SCC",2735213,2.72112524430717
"139",2020-06-13,71.2857142857143,"SMC and SCC",2735213,2.60622168312721
"140",2020-06-14,69.8571428571429,"SMC and SCC",2735213,2.55399279168178
"141",2020-06-15,71.8571428571429,"SMC and SCC",2735213,2.62711323970539
"142",2020-06-16,78.7142857142857,"SMC and SCC",2735213,2.87781191864347
"143",2020-06-17,83,"SMC and SCC",2735213,3.03449859297978
"144",2020-06-18,91.1428571428571,"SMC and SCC",2735213,3.33220327421876
"145",2020-06-19,102.142857142857,"SMC and SCC",2735213,3.73436573834861
"146",2020-06-20,108.857142857143,"SMC and SCC",2735213,3.97984152814215
"147",2020-06-21,113.428571428571,"SMC and SCC",2735213,4.14697398076755
"148",2020-06-22,126.142857142857,"SMC and SCC",2735213,4.61181111463192
"149",2020-06-23,142.285714285714,"SMC and SCC",2735213,5.20199758796533
"150",2020-06-24,151.571428571429,"SMC and SCC",2735213,5.54148538236066
"151",2020-06-25,158,"SMC and SCC",2735213,5.77651539386512
"152",2020-06-26,158.571428571429,"SMC and SCC",2735213,5.7974069504433
"153",2020-06-27,167,"SMC and SCC",2735213,6.10555740997136
"154",2020-06-28,173.142857142857,"SMC and SCC",2735213,6.33014164318673
"155",2020-06-29,180.571428571429,"SMC and SCC",2735213,6.601731878703
"156",2020-06-30,182.285714285714,"SMC and SCC",2735213,6.66440654843752
"157",2020-07-01,193.857142857143,"SMC and SCC",2735213,7.08746056914554
"158",2020-07-02,204.571428571429,"SMC and SCC",2735213,7.4791772549863
"159",2020-07-03,205.714285714286,"SMC and SCC",2735213,7.52096036814265
"160",2020-07-04,198.857142857143,"SMC and SCC",2735213,7.27026168920457
"161",2020-07-05,206.285714285714,"SMC and SCC",2735213,7.54185192472083
"162",2020-07-06,216.285714285714,"SMC and SCC",2735213,7.90745416483887
"163",2020-07-07,230,"SMC and SCC",2735213,8.40885152271505
"164",2020-07-08,241.714285714286,"SMC and SCC",2735213,8.83712843256762
"165",2020-07-09,254.571428571429,"SMC and SCC",2735213,9.30718845557653
"166",2020-07-10,278.857142857143,"SMC and SCC",2735213,10.1950796101489
"167",2020-07-11,298.285714285714,"SMC and SCC",2735213,10.9053925338068
"168",2020-07-12,301.857142857143,"SMC and SCC",2735213,11.0359647624204
"169",2020-07-13,303.857142857143,"SMC and SCC",2735213,11.109085210444
"170",2020-07-14,317.714285714286,"SMC and SCC",2735213,11.6157054574648
"171",2020-07-15,336,"SMC and SCC",2735213,12.2842352679663
"172",2020-07-16,343.857142857143,"SMC and SCC",2735213,12.5714941709162
"173",2020-07-17,349.428571428571,"SMC and SCC",2735213,12.7751868475534
"174",2020-07-18,346,"SMC and SCC",2735213,12.6498375080844
"175",2020-07-19,339.285714285714,"SMC and SCC",2735213,12.4043617182908
"176",2020-07-20,346.857142857143,"SMC and SCC",2735213,12.6811748429516
"177",2020-07-21,341.142857142857,"SMC and SCC",2735213,12.4722592771699
"178",2020-07-22,331.142857142857,"SMC and SCC",2735213,12.1066570370519
"179",2020-07-23,318.571428571429,"SMC and SCC",2735213,11.647042792332
"180",2020-07-24,310.714285714286,"SMC and SCC",2735213,11.3597838893821
"181",2020-07-25,313.428571428571,"SMC and SCC",2735213,11.4590187831285
"182",2020-07-26,308.285714285714,"SMC and SCC",2735213,11.2709947739249
"183",2020-07-27,293.428571428571,"SMC and SCC",2735213,10.7278143028924
"184",2020-07-28,290.714285714286,"SMC and SCC",2735213,10.628579409146
"185",2020-07-29,281.428571428571,"SMC and SCC",2735213,10.2890916147507
"186",2020-07-30,280.857142857143,"SMC and SCC",2735213,10.2682000581725
"187",2020-07-31,284.285714285714,"SMC and SCC",2735213,10.3935493976416
"188",2020-08-01,289.285714285714,"SMC and SCC",2735213,10.5763505177006
"189",2020-08-02,294.714285714286,"SMC and SCC",2735213,10.7748203051933
"190",2020-08-03,289.142857142857,"SMC and SCC",2735213,10.5711276285561
"191",2020-08-04,285.857142857143,"SMC and SCC",2735213,10.4510011782316
"192",2020-08-05,296.571428571429,"SMC and SCC",2735213,10.8427178640723
"193",2020-08-06,300.428571428571,"SMC and SCC",2735213,10.983735870975
"194",2020-08-07,298.571428571429,"SMC and SCC",2735213,10.9158383120959
"195",2020-08-08,303.571428571429,"SMC and SCC",2735213,11.098639432155
"196",2020-08-09,317,"SMC and SCC",2735213,11.589591011742
"197",2020-08-10,334.571428571429,"SMC and SCC",2735213,12.2320063765209
"198",2020-08-11,356.285714285714,"SMC and SCC",2735213,13.0258855264915
"199",2020-08-12,354.571428571429,"SMC and SCC",2735213,12.963210856757
"200",2020-08-13,348,"SMC and SCC",2735213,12.722957956108
"201",2020-08-14,349.571428571429,"SMC and SCC",2735213,12.780409736698
"202",2020-08-15,346,"SMC and SCC",2735213,12.6498375080844
"203",2020-08-16,331.142857142857,"SMC and SCC",2735213,12.1066570370519
"204",2020-08-17,316.428571428571,"SMC and SCC",2735213,11.5686994551639
"205",2020-08-18,292.857142857143,"SMC and SCC",2735213,10.7069227463142
"206",2020-08-19,269,"SMC and SCC",2735213,9.83470025917543
"207",2020-08-20,261.714285714286,"SMC and SCC",2735213,9.56833291280371
"208",2020-08-21,244.428571428571,"SMC and SCC",2735213,8.93636332631394
"209",2020-08-22,232.714285714286,"SMC and SCC",2735213,8.50808641646138
"210",2020-08-23,230.285714285714,"SMC and SCC",2735213,8.41929730100414
"211",2020-08-24,233.571428571429,"SMC and SCC",2735213,8.53942375132864
"212",2020-08-25,234.142857142857,"SMC and SCC",2735213,8.56031530790681
"213",2020-08-26,242.428571428571,"SMC and SCC",2735213,8.86324287829033
"214",2020-08-27,244.571428571429,"SMC and SCC",2735213,8.94158621545849
"215",2020-08-28,252,"SMC and SCC",2735213,9.21317645097475
"216",2020-08-29,251.857142857143,"SMC and SCC",2735213,9.20795356183021
"217",2020-08-30,248.142857142857,"SMC and SCC",2735213,9.07215844407208
"218",2020-08-31,239.285714285714,"SMC and SCC",2735213,8.74833931711038
"219",2020-09-01,222.714285714286,"SMC and SCC",2735213,8.14248417634333
"220",2020-09-02,202,"SMC and SCC",2735213,7.38516525038452
"221",2020-09-03,165.142857142857,"SMC and SCC",2735213,6.0376598510923
"222",2020-03-18,675,"CA",39782870,1.69671016696382
"223",2020-03-19,503,"CA",39782870,1.26436327997452
"224",2020-03-20,408,"CA",39782870,1.02556703425369
"225",2020-03-21,367,"CA",39782870,0.922507601889959
"226",2020-03-22,346.6,"CA",39782870,0.871229250177275
"227",2020-03-23,325.833333333333,"CA",39782870,0.819029228744264
"228",2020-03-24,362.142857142857,"CA",39782870,0.910298470529796
"229",2020-03-25,333,"CA",39782870,0.837043682368819
"230",2020-03-26,399.285714285714,"CA",39782870,1.00366241622516
"231",2020-03-27,488.428571428571,"CA",39782870,1.22773588589403
"232",2020-03-28,545,"CA",39782870,1.36993635703005
"233",2020-03-29,575.714285714286,"CA",39782870,1.44714115827814
"234",2020-03-30,711,"CA",39782870,1.78720137586856
"235",2020-03-31,802.857142857143,"CA",39782870,2.01809759541517
"236",2020-04-01,883.571428571429,"CA",39782870,2.22098463125317
"237",2020-04-02,985.714285714286,"CA",39782870,2.47773548191542
"238",2020-04-03,1054.71428571429,"CA",39782870,2.6511769656495
"239",2020-04-04,1165,"CA",39782870,2.92839606594497
"240",2020-04-05,1224.71428571429,"CA",39782870,3.0784965632552
"241",2020-04-06,1276.14285714286,"CA",39782870,3.2077697188334
"242",2020-04-07,1257.42857142857,"CA",39782870,3.16072865388689
"243",2020-04-08,1302.57142857143,"CA",39782870,3.27420175711664
"244",2020-04-09,1253,"CA",39782870,3.14959679882321
"245",2020-04-10,1227,"CA",39782870,3.08424203683646
"246",2020-04-11,1193.71428571429,"CA",39782870,3.00057357780946
"247",2020-04-12,1144.57142857143,"CA",39782870,2.87704589581252
"248",2020-04-13,1067.57142857143,"CA",39782870,2.68349525454405
"249",2020-04-14,1066.71428571429,"CA",39782870,2.68134070195108
"250",2020-04-15,1124.71428571429,"CA",39782870,2.82713209407538
"251",2020-04-16,1150.85714285714,"CA",39782870,2.89284594816096
"252",2020-04-17,1192.57142857143,"CA",39782870,2.99770084101883
"253",2020-04-18,1219.85714285714,"CA",39782870,3.06628743189504
"254",2020-04-19,1232.85714285714,"CA",39782870,3.09896481288842
"255",2020-04-20,1417.57142857143,"CA",39782870,3.56327089667344
"256",2020-04-21,1567.42857142857,"CA",39782870,3.93995850834435
"257",2020-04-22,1598.14285714286,"CA",39782870,4.01716330959244
"258",2020-04-23,1675.14285714286,"CA",39782870,4.2107139508609
"259",2020-04-24,1739.14285714286,"CA",39782870,4.37158721113599
"260",2020-04-25,1690.14285714286,"CA",39782870,4.24841862123788
"261",2020-04-26,1783.71428571429,"CA",39782870,4.48362394597043
"262",2020-04-27,1681.42857142857,"CA",39782870,4.22651400320935
"263",2020-04-28,1586.28571428571,"CA",39782870,3.98735866538969
"264",2020-04-29,1649.71428571429,"CA",39782870,4.14679555726946
"265",2020-04-30,1598.28571428571,"CA",39782870,4.01752240169127
"266",2020-05-01,1580,"CA",39782870,3.97155861304124
"267",2020-05-02,1636,"CA",39782870,4.11232271578194
"268",2020-05-03,1639,"CA",39782870,4.11986364985734
"269",2020-05-04,1597.28571428571,"CA",39782870,4.01500875699947
"270",2020-05-05,1759.28571428571,"CA",39782870,4.42221919707078
"271",2020-05-06,1671,"CA",39782870,4.20030027999488
"272",2020-05-07,1724.28571428571,"CA",39782870,4.33424163285785
"273",2020-05-08,1766.28571428571,"CA",39782870,4.43981470991337
"274",2020-05-09,1866.28571428571,"CA",39782870,4.6911791790932
"275",2020-05-10,1857.42857142857,"CA",39782870,4.66891546896584
"276",2020-05-11,1881.42857142857,"CA",39782870,4.729242941569
"277",2020-05-12,1760.85714285714,"CA",39782870,4.4261692101579
"278",2020-05-13,1792.85714285714,"CA",39782870,4.50660584029544
"279",2020-05-14,1774.85714285714,"CA",39782870,4.46136023584307
"280",2020-05-15,1747.42857142857,"CA",39782870,4.39241455286803
"281",2020-05-16,1737,"CA",39782870,4.36620082965357
"282",2020-05-17,1784.42857142857,"CA",39782870,4.48541940646457
"283",2020-05-18,1773.28571428571,"CA",39782870,4.45741022275596
"284",2020-05-19,1845.14285714286,"CA",39782870,4.63803354846661
"285",2020-05-20,1861.85714285714,"CA",39782870,4.68004732402952
"286",2020-05-21,1929.71428571429,"CA",39782870,4.85061607097297
"287",2020-05-22,1976.85714285714,"CA",39782870,4.96911646358632
"288",2020-05-23,1981.57142857143,"CA",39782870,4.98096650284765
"289",2020-05-24,2018.28571428571,"CA",39782870,5.07325317224653
"290",2020-05-25,2134,"CA",39782870,5.36411777229747
"291",2020-05-26,2131.85714285714,"CA",39782870,5.35873139081505
"292",2020-05-27,2214.28571428571,"CA",39782870,5.56592753183899
"293",2020-05-28,2206,"CA",39782870,5.54510019010695
"294",2020-05-29,2321,"CA",39782870,5.83416932966375
"295",2020-05-30,2553.28571428571,"CA",39782870,6.4180530823586
"296",2020-05-31,2635.42857142857,"CA",39782870,6.62453103918488
"297",2020-06-01,2653.85714285714,"CA",39782870,6.67085391993374
"298",2020-06-02,2672.42857142857,"CA",39782870,6.71753589278142
"299",2020-06-03,2587.14285714286,"CA",39782870,6.50315790978091
"300",2020-06-04,2716.42857142857,"CA",39782870,6.82813625922054
"301",2020-06-05,2734,"CA",39782870,6.87230458737643
"302",2020-06-06,2604.14285714286,"CA",39782870,6.54588986954148
"303",2020-06-07,2616.14285714286,"CA",39782870,6.57605360584306
"304",2020-06-08,2597,"CA",39782870,6.52793526460007
"305",2020-06-09,2643.42857142857,"CA",39782870,6.64464019671927
"306",2020-06-10,2782,"CA",39782870,6.99295953258274
"307",2020-06-11,2726,"CA",39782870,6.85219542984204
"308",2020-06-12,2803.85714285714,"CA",39782870,7.04790062370347
"309",2020-06-13,2863.28571428571,"CA",39782870,7.19728293681606
"310",2020-06-14,2876.14285714286,"CA",39782870,7.22960122571061
"311",2020-06-15,2867.28571428571,"CA",39782870,7.20733751558325
"312",2020-06-16,2974.85714285714,"CA",39782870,7.47773386600098
"313",2020-06-17,3116.85714285714,"CA",39782870,7.83467141223633
"314",2020-06-18,3347.57142857143,"CA",39782870,8.41460515184407
"315",2020-06-19,3380.85714285714,"CA",39782870,8.49827361087107
"316",2020-06-20,3567,"CA",39782870,8.96617061564437
"317",2020-06-21,3800.28571428571,"CA",39782870,9.55256801303102
"318",2020-06-22,4216.14285714286,"CA",39782870,10.5978851127203
"319",2020-06-23,4743.85714285714,"CA",39782870,11.9243713257921
"320",2020-06-24,4924.57142857143,"CA",39782870,12.3786228308099
"321",2020-06-25,5060.57142857143,"CA",39782870,12.7204785088945
"322",2020-06-26,5391.42857142857,"CA",39782870,13.5521358097809
"323",2020-06-27,5477.85714285714,"CA",39782870,13.769386529572
"324",2020-06-28,5885.42857142857,"CA",39782870,14.7938762875292
"325",2020-06-29,6522.71428571429,"CA",39782870,16.3957861404024
"326",2020-06-30,6559.57142857143,"CA",39782870,16.4884319019001
"327",2020-07-01,6710.85714285714,"CA",39782870,16.8687104345593
"328",2020-07-02,6770.71428571429,"CA",39782870,17.0191700239683
"329",2020-07-03,7191.28571428571,"CA",39782870,18.0763371629189
"330",2020-07-04,7688,"CA",39782870,19.324900390545
"331",2020-07-05,7490.28571428571,"CA",39782870,18.8279169257666
"332",2020-07-06,7006,"CA",39782870,17.6105947107386
"333",2020-07-07,7618.42857142857,"CA",39782870,19.1500225384156
"334",2020-07-08,7707.42857142857,"CA",39782870,19.3737369159856
"335",2020-07-09,8008.85714285714,"CA",39782870,20.1314212445134
"336",2020-07-10,7850.85714285714,"CA",39782870,19.7342653832093
"337",2020-07-11,7831.28571428571,"CA",39782870,19.6850697656698
"338",2020-07-12,8211.14285714286,"CA",39782870,20.6398956564543
"339",2020-07-13,8390.57142857143,"CA",39782870,21.0909153325827
"340",2020-07-14,8309.42857142857,"CA",39782870,20.8869510204482
"341",2020-07-15,8525.57142857143,"CA",39782870,21.4302573659754
"342",2020-07-16,8838.14285714286,"CA",39782870,22.2159508782118
"343",2020-07-17,9002.71428571429,"CA",39782870,22.629624976062
"344",2020-07-18,9126.85714285714,"CA",39782870,22.9416760099438
"345",2020-07-19,8910.85714285714,"CA",39782870,22.3987287565154
"346",2020-07-20,9180.14285714286,"CA",39782870,23.0756173628068
"347",2020-07-21,9420.28571428571,"CA",39782870,23.6792511809372
"348",2020-07-22,9919.71428571429,"CA",39782870,24.934637158441
"349",2020-07-23,9881.42857142857,"CA",39782870,24.838400475955
"350",2020-07-24,10005.2857142857,"CA",39782870,25.1497333256392
"351",2020-07-25,9852.42857142857,"CA",39782870,24.7655047798929
"352",2020-07-26,9858.85714285714,"CA",39782870,24.7816639243402
"353",2020-07-27,9397.28571428571,"CA",39782870,23.6214373530258
"354",2020-07-28,8818.42857142857,"CA",39782870,22.1663961685735
"355",2020-07-29,8555.14285714286,"CA",39782870,21.5045894304329
"356",2020-07-30,8322,"CA",39782870,20.9185511251451
"357",2020-07-31,7818.57142857143,"CA",39782870,19.6531105688741
"358",2020-08-01,7929,"CA",39782870,19.9306887612684
"359",2020-08-02,7764.42857142857,"CA",39782870,19.5170146634181
"360",2020-08-03,7553.85714285714,"CA",39782870,18.9877129097452
"361",2020-08-04,7059.57142857143,"CA",39782870,17.7452542477992
"362",2020-08-05,6354,"CA",39782870,15.9716983716861
"363",2020-08-06,6404,"CA",39782870,16.097380606276
"364",2020-08-07,6522.42857142857,"CA",39782870,16.3950679562047
"365",2020-08-08,6428.28571428571,"CA",39782870,16.1584262630768
"366",2020-08-09,6715.71428571429,"CA",39782870,16.8809195659194
"367",2020-08-10,7854.85714285714,"CA",39782870,19.7443199619765
"368",2020-08-11,8762,"CA",39782870,22.0245547895363
"369",2020-08-12,9023,"CA",39782870,22.6806160540956
"370",2020-08-13,8951.28571428571,"CA",39782870,22.5003518204838
"371",2020-08-14,9700.28571428571,"CA",39782870,24.3830716946407
"372",2020-08-15,9628.85714285714,"CA",39782870,24.2035256452266
"373",2020-08-16,9445.71428571429,"CA",39782870,23.7431695745287
"374",2020-08-17,8322.28571428571,"CA",39782870,20.9192693093427
"375",2020-08-18,7539.28571428571,"CA",39782870,18.9510855156647
"376",2020-08-19,7372.85714285714,"CA",39782870,18.5327432205297
"377",2020-08-20,7037.28571428571,"CA",39782870,17.689235880382
"378",2020-08-21,6171.85714285714,"CA",39782870,15.51385594568
"379",2020-08-22,6015.28571428571,"CA",39782870,15.1202910053642
"380",2020-08-23,5797.71428571429,"CA",39782870,14.5733937388486
"381",2020-08-24,5775.42857142857,"CA",39782870,14.5173753714314
"382",2020-08-25,5752.57142857143,"CA",39782870,14.4599206356189
"383",2020-08-26,5539.71428571429,"CA",39782870,13.9248734083647
"384",2020-08-27,5503.14285714286,"CA",39782870,13.8329458310646
"385",2020-08-28,5278.14285714286,"CA",39782870,13.26737577541
"386",2020-08-29,5177.14285714286,"CA",39782870,13.0134976615384
"387",2020-08-30,5067.14285714286,"CA",39782870,12.7369967454406
"388",2020-08-31,4957.42857142857,"CA",39782870,12.4612140135404
"389",2020-09-01,4707.57142857143,"CA",39782870,11.8331619326897
"390",2020-09-02,4806.85714285714,"CA",39782870,12.0827309413754
"391",2020-09-03,4775,"CA",39782870,12.0026534033367
"392",2020-01-21,0,"US",329135084,0
"393",2020-01-22,0,"US",329135084,0
"394",2020-01-23,0,"US",329135084,0
"395",2020-01-24,0.25,"US",329135084,7.59566549277378e-05
"396",2020-01-25,0.4,"US",329135084,0.000121530647884381
"397",2020-01-26,0.666666666666667,"US",329135084,0.000202551079807301
"398",2020-01-27,0.571428571428571,"US",329135084,0.000173615211263401
"399",2020-01-28,0.571428571428571,"US",329135084,0.000173615211263401
"400",2020-01-29,0.571428571428571,"US",329135084,0.000173615211263401
"401",2020-01-30,0.714285714285714,"US",329135084,0.000217019014079251
"402",2020-01-31,0.714285714285714,"US",329135084,0.000217019014079251
"403",2020-02-01,0.714285714285714,"US",329135084,0.000217019014079251
"404",2020-02-02,0.857142857142857,"US",329135084,0.000260422816895101
"405",2020-02-03,0.857142857142857,"US",329135084,0.000260422816895101
"406",2020-02-04,0.857142857142857,"US",329135084,0.000260422816895101
"407",2020-02-05,1,"US",329135084,0.000303826619710951
"408",2020-02-06,0.857142857142857,"US",329135084,0.000260422816895101
"409",2020-02-07,0.714285714285714,"US",329135084,0.000217019014079251
"410",2020-02-08,0.571428571428571,"US",329135084,0.000173615211263401
"411",2020-02-09,0.142857142857143,"US",329135084,4.34038028158502e-05
"412",2020-02-10,0.285714285714286,"US",329135084,8.68076056317004e-05
"413",2020-02-11,0.285714285714286,"US",329135084,8.68076056317004e-05
"414",2020-02-12,0.285714285714286,"US",329135084,8.68076056317004e-05
"415",2020-02-13,0.428571428571429,"US",329135084,0.000130211408447551
"416",2020-02-14,0.428571428571429,"US",329135084,0.000130211408447551
"417",2020-02-15,0.428571428571429,"US",329135084,0.000130211408447551
"418",2020-02-16,0.428571428571429,"US",329135084,0.000130211408447551
"419",2020-02-17,1.71428571428571,"US",329135084,0.000520845633790202
"420",2020-02-18,1.71428571428571,"US",329135084,0.000520845633790202
"421",2020-02-19,1.57142857142857,"US",329135084,0.000477441830974352
"422",2020-02-20,1.71428571428571,"US",329135084,0.000520845633790202
"423",2020-02-21,2.14285714285714,"US",329135084,0.000651057042237753
"424",2020-02-22,2.14285714285714,"US",329135084,0.000651057042237753
"425",2020-02-23,2.14285714285714,"US",329135084,0.000651057042237753
"426",2020-02-24,2.57142857142857,"US",329135084,0.000781268450685303
"427",2020-02-25,2.85714285714286,"US",329135084,0.000868076056317004
"428",2020-02-26,5,"US",329135084,0.00151913309855476
"429",2020-02-27,4.71428571428571,"US",329135084,0.00143232549292306
"430",2020-02-28,5,"US",329135084,0.00151913309855476
"431",2020-02-29,5.71428571428571,"US",329135084,0.00173615211263401
"432",2020-03-01,8.28571428571429,"US",329135084,0.00251742056331931
"433",2020-03-02,8.71428571428571,"US",329135084,0.00264763197176686
"434",2020-03-03,11.4285714285714,"US",329135084,0.00347230422526801
"435",2020-03-04,14.4285714285714,"US",329135084,0.00438378408440087
"436",2020-03-05,24,"US",329135084,0.00729183887306283
"437",2020-03-06,35.1428571428571,"US",329135084,0.0106773354926991
"438",2020-03-07,51.1428571428571,"US",329135084,0.0155385614080744
"439",2020-03-08,65.5714285714286,"US",329135084,0.0199223454924752
"440",2020-03-09,92,"US",329135084,0.0279520490134075
"441",2020-03-10,127.571428571429,"US",329135084,0.0387595959145542
"442",2020-03-11,157.428571428571,"US",329135084,0.0478309907030669
"443",2020-03-12,205.714285714286,"US",329135084,0.0625014760548243
"444",2020-03-13,273.285714285714,"US",329135084,0.0830314747867214
"445",2020-03-14,352.857142857143,"US",329135084,0.10720739295515
"446",2020-03-15,436.142857142857,"US",329135084,0.132511809996791
"447",2020-03-16,537,"US",329135084,0.163154894784781
"448",2020-03-17,698.285714285714,"US",329135084,0.212157788163876
"449",2020-03-18,1012.42857142857,"US",329135084,0.30760275055593
"450",2020-03-19,1532.14285714286,"US",329135084,0.465505785199993
"451",2020-03-20,2255.42857142857,"US",329135084,0.685259238856643
"452",2020-03-21,3090,"US",329135084,0.938824254906839
"453",2020-03-22,4210.42857142857,"US",329135084,1.27924028039155
"454",2020-03-23,5571.14285714286,"US",329135084,1.69266150221253
"455",2020-03-24,6861.71428571429,"US",329135084,2.08477145685092
"456",2020-03-25,8603.14285714286,"US",329135084,2.61386381317613
"457",2020-03-26,10453.8571428571,"US",329135084,3.17616007865547
"458",2020-03-27,12126.8571428571,"US",329135084,3.68446201343189
"459",2020-03-28,14205.4285714286,"US",329135084,4.31598734440251
"460",2020-03-29,15630.4285714286,"US",329135084,4.74894027749062
"461",2020-03-30,17207.1428571429,"US",329135084,5.22798804916915
"462",2020-03-31,19217.5714285714,"US",329135084,5.83880976619661
"463",2020-04-01,20974.1428571429,"US",329135084,6.37250292562031
"464",2020-04-02,22791.1428571429,"US",329135084,6.92455589363511
"465",2020-04-03,24932.2857142857,"US",329135084,7.57509209023907
"466",2020-04-04,26937,"US",329135084,8.18417765515389
"467",2020-04-05,27950.7142857143,"US",329135084,8.49217103993517
"468",2020-04-06,29300.2857142857,"US",329135084,8.9022067651365
"469",2020-04-07,30133.2857142857,"US",329135084,9.15529433935573
"470",2020-04-08,30831.8571428571,"US",329135084,9.36753893512523
"471",2020-04-09,31543.5714285714,"US",329135084,9.5837766807538
"472",2020-04-10,31708.5714285714,"US",329135084,9.63390807300611
"473",2020-04-11,31225.8571428571,"US",329135084,9.48724662329135
"474",2020-04-12,31444,"US",329135084,9.55352423019115
"475",2020-04-13,30708.7142857143,"US",329135084,9.33012485709797
"476",2020-04-14,30187.8571428571,"US",329135084,9.17187459203138
"477",2020-04-15,29932.5714285714,"US",329135084,9.09431199639946
"478",2020-04-16,29491.7142857143,"US",329135084,8.96036786090974
"479",2020-04-17,29211.1428571429,"US",329135084,8.87512279217941
"480",2020-04-18,28736.5714285714,"US",329135084,8.73093535922516
"481",2020-04-19,28478.1428571429,"US",329135084,8.65241787993129
"482",2020-04-20,28710.4285714286,"US",329135084,8.72299246330986
"483",2020-04-21,28542.2857142857,"US",329135084,8.6719061873956
"484",2020-04-22,28370.5714285714,"US",329135084,8.61973481641095
"485",2020-04-23,28679.5714285714,"US",329135084,8.71361724190163
"486",2020-04-24,29427,"US",329135084,8.94070593823416
"487",2020-04-25,30285.5714285714,"US",329135084,9.20156279315742
"488",2020-04-26,30485.7142857143,"US",329135084,9.26237152090243
"489",2020-04-27,29886,"US",329135084,9.08016235668149
"490",2020-04-28,29762.7142857143,"US",329135084,9.04270487485141
"491",2020-04-29,29437.5714285714,"US",329135084,8.94391781964254
"492",2020-04-30,28949.1428571429,"US",329135084,8.79552021781514
"493",2020-05-01,28553.2857142857,"US",329135084,8.67524828021242
"494",2020-05-02,27848.4285714286,"US",329135084,8.46109391711902
"495",2020-05-03,27763.4285714286,"US",329135084,8.43526865444359
"496",2020-05-04,27587,"US",329135084,8.38166495796601
"497",2020-05-05,27452.4285714286,"US",329135084,8.34077857571348
"498",2020-05-06,27159.4285714286,"US",329135084,8.25175737613817
"499",2020-05-07,26891,"US",329135084,8.17020163064719
"500",2020-05-08,25987.8571428571,"US",329135084,7.89580278924538
"501",2020-05-09,25329.8571428571,"US",329135084,7.69588487347558
"502",2020-05-10,24498,"US",329135084,7.44314452967888
"503",2020-05-11,23877.8571428571,"US",329135084,7.25472862165528
"504",2020-05-12,23676.5714285714,"US",329135084,7.19357266348775
"505",2020-05-13,23196.7142857143,"US",329135084,7.04777928982931
"506",2020-05-14,22980,"US",329135084,6.98193572095766
"507",2020-05-15,22778.4285714286,"US",329135084,6.9206929551845
"508",2020-05-16,22605.5714285714,"US",329135084,6.86817435377732
"509",2020-05-17,22419.2857142857,"US",329135084,6.81157579490545
"510",2020-05-18,23019.7142857143,"US",329135084,6.99400197814047
"511",2020-05-19,22829.5714285714,"US",329135084,6.93623151659257
"512",2020-05-20,23104,"US",329135084,7.01961022180182
"513",2020-05-21,22928.4285714286,"US",329135084,6.96626694814114
"514",2020-05-22,22579.5714285714,"US",329135084,6.86027486166483
"515",2020-05-23,22381.1428571429,"US",329135084,6.79998697955362
"516",2020-05-24,22526.5714285714,"US",329135084,6.84417205082015
"517",2020-05-25,22137.4285714286,"US",329135084,6.72594009194978
"518",2020-05-26,21840.8571428571,"US",329135084,6.63583379730407
"519",2020-05-27,21223.1428571429,"US",329135084,6.44815575392833
"520",2020-05-28,20762.8571428571,"US",329135084,6.30830870125566
"521",2020-05-29,20870.4285714286,"US",329135084,6.340991764776
"522",2020-05-30,21031.5714285714,"US",329135084,6.38995125435228
"523",2020-05-31,21117.7142857143,"US",329135084,6.41612374745024
"524",2020-06-01,21517.1428571429,"US",329135084,6.53748078012336
"525",2020-06-02,21787.5714285714,"US",329135084,6.61964417885376
"526",2020-06-03,21965.2857142857,"US",329135084,6.67363850955668
"527",2020-06-04,21837.4285714286,"US",329135084,6.63479210603649
"528",2020-06-05,22431.5714285714,"US",329135084,6.81530852194761
"529",2020-06-06,22304.8571428571,"US",329135084,6.77680934884995
"530",2020-06-07,22016.4285714286,"US",329135084,6.68917707096475
"531",2020-06-08,21489.1428571429,"US",329135084,6.52897363477145
"532",2020-06-09,21206.1428571429,"US",329135084,6.44299070139325
"533",2020-06-10,21615.2857142857,"US",329135084,6.56729919265784
"534",2020-06-11,21841.8571428571,"US",329135084,6.63613762392378
"535",2020-06-12,21382.5714285714,"US",329135084,6.49659439787082
"536",2020-06-13,21786,"US",329135084,6.61916673702278
"537",2020-06-14,21859.5714285714,"US",329135084,6.64151969547295
"538",2020-06-15,22132.7142857143,"US",329135084,6.72450776645685
"539",2020-06-16,23001,"US",329135084,6.98831607997159
"540",2020-06-17,23401.4285714286,"US",329135084,7.10997693926442
"541",2020-06-18,24095.4285714286,"US",329135084,7.32083261334382
"542",2020-06-19,24858.7142857143,"US",329135084,7.55273913178891
"543",2020-06-20,25814.5714285714,"US",329135084,7.84315397642976
"544",2020-06-21,26850.1428571429,"US",329135084,8.15778814304186
"545",2020-06-22,28328.4285714286,"US",329135084,8.60693069458027
"546",2020-06-23,29782.1428571429,"US",329135084,9.04860779203437
"547",2020-06-24,31400.2857142857,"US",329135084,9.5402426665295
"548",2020-06-25,33273.7142857143,"US",329135084,10.1094401366566
"549",2020-06-26,35372.7142857143,"US",329135084,10.7471722114298
"550",2020-06-27,36840.4285714286,"US",329135084,11.1931028815599
"551",2020-06-28,38715.7142857143,"US",329135084,11.7628646011236
"552",2020-06-29,40005.5714285714,"US",329135084,12.1547575367479
"553",2020-06-30,41909.2857142857,"US",329135084,12.7331566130719
"554",2020-07-01,43765.7142857143,"US",329135084,13.2971890306639
"555",2020-07-02,45820.5714285714,"US",329135084,13.921509330367
"556",2020-07-03,47481.2857142857,"US",329135084,14.4260785381013
"557",2020-07-04,48582.1428571429,"US",329135084,14.7605482426002
"558",2020-07-05,49333.1428571429,"US",329135084,14.9887220340032
"559",2020-07-06,50450.4285714286,"US",329135084,15.3281831758259
"560",2020-07-07,51263,"US",329135084,15.5750640062425
"561",2020-07-08,52616.8571428571,"US",329135084,15.9864018455283
"562",2020-07-09,53235.2857142857,"US",329135084,16.1742969079181
"563",2020-07-10,54816.8571428571,"US",329135084,16.6548204088924
"564",2020-07-11,56347,"US",329135084,17.119718540853
"565",2020-07-12,58210.1428571429,"US",329135084,17.6857909371773
"566",2020-07-13,60246.1428571429,"US",329135084,18.3043819349088
"567",2020-07-14,61892.4285714286,"US",329135084,18.8045673585586
"568",2020-07-15,63161.5714285714,"US",329135084,19.1901667427747
"569",2020-07-16,65418.1428571429,"US",329135084,19.8757732120538
"570",2020-07-17,65803.5714285714,"US",329135084,19.992876672051
"571",2020-07-18,66051,"US",329135084,20.068052058528
"572",2020-07-19,66689.5714285714,"US",329135084,20.2620670571149
"573",2020-07-20,66449.7142857143,"US",329135084,20.1891920721871
"574",2020-07-21,66402.4285714286,"US",329135084,20.174825413455
"575",2020-07-22,66602.5714285714,"US",329135084,20.2356341412
"576",2020-07-23,65791.4285714286,"US",329135084,19.9891873488116
"577",2020-07-24,66163.1428571429,"US",329135084,20.1021240437385
"578",2020-07-25,66781.4285714286,"US",329135084,20.2899757023255
"579",2020-07-26,65630.2857142857,"US",329135084,19.9402278592354
"580",2020-07-27,65529.2857142857,"US",329135084,19.9095413706446
"581",2020-07-28,65221.2857142857,"US",329135084,19.8159627717736
"582",2020-07-29,64775.2857142857,"US",329135084,19.6804560993825
"583",2020-07-30,64647.7142857143,"US",329135084,19.6416965034679
"584",2020-07-31,64009.8571428571,"US",329135084,19.4478985238952
"585",2020-08-01,62587.7142857143,"US",329135084,19.0158136668634
"586",2020-08-02,62098.5714285714,"US",329135084,18.8671990460219
"587",2020-08-03,60427.4285714286,"US",329135084,18.3594613606821
"588",2020-08-04,59059.8571428571,"US",329135084,17.943956756326
"589",2020-08-05,57217.8571428571,"US",329135084,17.3843081228184
"590",2020-08-06,55587,"US",329135084,16.8888103098726
"591",2020-08-07,54457.1428571429,"US",329135084,16.5455296334021
"592",2020-08-08,54231.2857142857,"US",329135084,16.4769082211502
"593",2020-08-09,53902,"US",329135084,16.3768624556597
"594",2020-08-10,53856.5714285714,"US",329135084,16.3630600463643
"595",2020-08-11,53829.1428571429,"US",329135084,16.3547265162236
"596",2020-08-12,53909.4285714286,"US",329135084,16.3791194534061
"597",2020-08-13,53389.7142857143,"US",329135084,16.2212164187621
"598",2020-08-14,53150.7142857143,"US",329135084,16.1486018566511
"599",2020-08-15,52509.1428571429,"US",329135084,15.9536753782052
"600",2020-08-16,51602.7142857143,"US",329135084,15.6782782493386
"601",2020-08-17,50223,"US",329135084,15.2590843217431
"602",2020-08-18,48777.4285714286,"US",329135084,14.8198812410495
"603",2020-08-19,47167.5714285714,"US",329135084,14.3307637871177
"604",2020-08-20,46020.1428571429,"US",329135084,13.9821444429008
"605",2020-08-21,44527.2857142857,"US",329135084,13.5285747034752
"606",2020-08-22,43710.4285714286,"US",329135084,13.2803917589741
"607",2020-08-23,42310,"US",329135084,12.8549042799703
"608",2020-08-24,42720.2857142857,"US",329135084,12.9795600016575
"609",2020-08-25,42140.5714285714,"US",329135084,12.8034273698308
"610",2020-08-26,42392.7142857143,"US",329135084,12.8800350818007
"611",2020-08-27,42332.5714285714,"US",329135084,12.8617620808153
"612",2020-08-28,41979.5714285714,"US",329135084,12.7545112840573
"613",2020-08-29,41923.5714285714,"US",329135084,12.7374969933535
"614",2020-08-30,42082.4285714286,"US",329135084,12.7857620220847
"615",2020-08-31,41519.5714285714,"US",329135084,12.6147510389902
"616",2020-09-01,42213.7142857143,"US",329135084,12.8256501168725
"617",2020-09-02,40531,"US",329135084,12.3143967235046
"618",2020-09-03,40530.5714285714,"US",329135084,12.3142665120961
"619",2020-01-04,1,"World",7.795e+09,1.28287363694676e-05
"620",2020-01-05,0.5,"World",7.795e+09,6.4143681847338e-06
"621",2020-01-06,1.33333333333333,"World",7.795e+09,1.71049818259568e-05
"622",2020-01-07,1,"World",7.795e+09,1.28287363694676e-05
"623",2020-01-08,0.8,"World",7.795e+09,1.02629890955741e-05
"624",2020-01-09,0.666666666666667,"World",7.795e+09,8.55249091297841e-06
"625",2020-01-10,0.571428571428571,"World",7.795e+09,7.33070649683863e-06
"626",2020-01-11,6.28571428571429,"World",7.795e+09,8.0637771465225e-05
"627",2020-01-12,6.28571428571429,"World",7.795e+09,8.0637771465225e-05
"628",2020-01-13,6.57142857142857,"World",7.795e+09,8.43031247136443e-05
"629",2020-01-14,7.28571428571429,"World",7.795e+09,9.34665078346926e-05
"630",2020-01-15,7.28571428571429,"World",7.795e+09,9.34665078346926e-05
"631",2020-01-16,7.28571428571429,"World",7.795e+09,9.34665078346926e-05
"632",2020-01-17,8,"World",7.795e+09,0.000102629890955741
"633",2020-01-18,4.57142857142857,"World",7.795e+09,5.86456519747091e-05
"634",2020-01-19,13.7142857142857,"World",7.795e+09,0.000175936955924127
"635",2020-01-20,24.7142857142857,"World",7.795e+09,0.000317053055988271
"636",2020-01-21,37.2857142857143,"World",7.795e+09,0.000478328598918721
"637",2020-01-22,59.2857142857143,"World",7.795e+09,0.000760560799047008
"638",2020-01-23,79.4285714285714,"World",7.795e+09,0.00101896820306057
"639",2020-01-24,118.571428571429,"World",7.795e+09,0.00152112159809402
"640",2020-01-25,184.285714285714,"World",7.795e+09,0.00236415284523046
"641",2020-01-26,275.428571428571,"World",7.795e+09,0.00353340053147622
"642",2020-01-27,377,"World",7.795e+09,0.00483643361128929
"643",2020-01-28,618.857142857143,"World",7.795e+09,0.00793915513607624
"644",2020-01-29,810.571428571429,"World",7.795e+09,0.0103986071657656
"645",2020-01-30,1043,"World",7.795e+09,0.0133803720333547
"646",2020-01-31,1290.28571428571,"World",7.795e+09,0.0165527352698616
"647",2020-02-01,1524.71428571429,"World",7.795e+09,0.0195601576101897
"648",2020-02-02,1795.42857142857,"World",7.795e+09,0.023033079813067
"649",2020-02-03,2086.85714285714,"World",7.795e+09,0.0267717401264547
"650",2020-02-04,2297.14285714286,"World",7.795e+09,0.0294694401172913
"651",2020-02-05,2643.28571428571,"World",7.795e+09,0.0339100155777513
"652",2020-02-06,2922.14285714286,"World",7.795e+09,0.0374874003482086
"653",2020-02-07,3092.42857142857,"World",7.795e+09,0.0396719508842665
"654",2020-02-08,3277.57142857143,"World",7.795e+09,0.0420470997892422
"655",2020-02-09,3287.71428571429,"World",7.795e+09,0.0421772198295611
"656",2020-02-10,3320,"World",7.795e+09,0.0425914047466325
"657",2020-02-11,3209,"World",7.795e+09,0.0411674150096216
"658",2020-02-12,2944.42857142857,"World",7.795e+09,0.0377732979015853
"659",2020-02-13,4586.28571428571,"World",7.795e+09,0.0588362503436269
"660",2020-02-14,4710.57142857143,"World",7.795e+09,0.0604306790066893
"661",2020-02-15,4613.14285714286,"World",7.795e+09,0.0591807935489783
"662",2020-02-16,4530.57142857143,"World",7.795e+09,0.0581215064601851
"663",2020-02-17,4402.28571428571,"World",7.795e+09,0.0564757628516448
"664",2020-02-18,4332.57142857143,"World",7.795e+09,0.0555814166590305
"665",2020-02-19,4303,"World",7.795e+09,0.0552020525978191
"666",2020-02-20,2199.14285714286,"World",7.795e+09,0.0282122239530835
"667",2020-02-21,1767,"World",7.795e+09,0.0226683771648493
"668",2020-02-22,1535.28571428571,"World",7.795e+09,0.0196957756803812
"669",2020-02-23,1382,"World",7.795e+09,0.0177293136626042
"670",2020-02-24,1165.28571428571,"World",7.795e+09,0.0149491432236782
"671",2020-02-25,998.428571428571,"World",7.795e+09,0.0128085769266013
"672",2020-02-26,868.142857142857,"World",7.795e+09,0.0111371758453221
"673",2020-02-27,994.857142857143,"World",7.795e+09,0.0127627600109961
"674",2020-02-28,1054.14285714286,"World",7.795e+09,0.0135233208100431
"675",2020-02-29,1161.28571428571,"World",7.795e+09,0.0148978282782003
"676",2020-03-01,1286.57142857143,"World",7.795e+09,0.0165050856776322
"677",2020-03-02,1523.71428571429,"World",7.795e+09,0.0195473288738202
"678",2020-03-03,1741.28571428571,"World",7.795e+09,0.0223384953724915
"679",2020-03-04,1920.71428571429,"World",7.795e+09,0.0246403372124989
"680",2020-03-05,2106.71428571429,"World",7.795e+09,0.0270264821772198
"681",2020-03-06,2426,"World",7.795e+09,0.0311225144323284
"682",2020-03-07,2746.57142857143,"World",7.795e+09,0.0352350407770549
"683",2020-03-08,3021.85714285714,"World",7.795e+09,0.0387666086319069
"684",2020-03-09,3256.71428571429,"World",7.795e+09,0.0417795290021076
"685",2020-03-10,3560,"World",7.795e+09,0.0456703014753047
"686",2020-03-11,4175,"World",7.795e+09,0.0535599743425273
"687",2020-03-12,4769.57142857143,"World",7.795e+09,0.0611875744524879
"688",2020-03-13,5673.28571428571,"World",7.795e+09,0.0727810867772382
"689",2020-03-14,6669.85714285714,"World",7.795e+09,0.0855658389077247
"690",2020-03-15,7755.42857142857,"World",7.795e+09,0.0994923485750939
"691",2020-03-16,8882.71428571429,"World",7.795e+09,0.113953999816732
"692",2020-03-17,10305,"World",7.795e+09,0.132200128287364
"693",2020-03-18,12096.7142857143,"World",7.795e+09,0.155185558508201
"694",2020-03-19,14247,"World",7.795e+09,0.182771007055805
"695",2020-03-20,17264.8571428571,"World",7.795e+09,0.221486300742234
"696",2020-03-21,19233.1428571429,"World",7.795e+09,0.246736919270595
"697",2020-03-22,19680.1428571429,"World",7.795e+09,0.252471364427747
"698",2020-03-23,23454.7142857143,"World",7.795e+09,0.300894346192614
"699",2020-03-24,29487.1428571429,"World",7.795e+09,0.378282782003116
"700",2020-03-25,31193.5714285714,"World",7.795e+09,0.4001741042793
"701",2020-03-26,36217,"World",7.795e+09,0.464618345093008
"702",2020-03-27,37754.2857142857,"World",7.795e+09,0.484339778246128
"703",2020-03-28,43214.5714285714,"World",7.795e+09,0.55438834417667
"704",2020-03-29,50031.4285714286,"World",7.795e+09,0.641840007330707
"705",2020-03-30,52686.5714285714,"World",7.795e+09,0.675902135068267
"706",2020-03-31,53136.2857142857,"World",7.795e+09,0.681671401081279
"707",2020-04-01,59498.4285714286,"World",7.795e+09,0.763289654540456
"708",2020-04-02,61765,"World",7.795e+09,0.792366901860167
"709",2020-04-03,66621.2857142857,"World",7.795e+09,0.85466691102355
"710",2020-04-04,69105.4285714286,"World",7.795e+09,0.886535324841932
"711",2020-04-05,71776.5714285714,"World",7.795e+09,0.920802712361404
"712",2020-04-06,74385.8571428571,"World",7.795e+09,0.954276550902593
"713",2020-04-07,75716.4285714286,"World",7.795e+09,0.971346100980482
"714",2020-04-08,75790.2857142857,"World",7.795e+09,0.972293594795198
"715",2020-04-09,77262.7142857143,"World",7.795e+09,0.991182992760927
"716",2020-04-10,78670,"World",7.795e+09,1.00923669018602
"717",2020-04-11,80123.2857142857,"World",7.795e+09,1.0278805094841
"718",2020-04-12,79928.8571428571,"World",7.795e+09,1.02538623659855
"719",2020-04-13,79839,"World",7.795e+09,1.02423348300192
"720",2020-04-14,80045,"World",7.795e+09,1.02687620269403
"721",2020-04-15,79617.2857142857,"World",7.795e+09,1.02138916888115
"722",2020-04-16,78550.5714285714,"World",7.795e+09,1.00770457252818
"723",2020-04-17,78100.7142857143,"World",7.795e+09,1.00193347383854
"724",2020-04-18,77169,"World",7.795e+09,0.989980756895446
"725",2020-04-19,77194.8571428571,"World",7.795e+09,0.990312471364428
"726",2020-04-20,76275.8571428571,"World",7.795e+09,0.978522862640887
"727",2020-04-21,77906.4285714286,"World",7.795e+09,0.999441033629616
"728",2020-04-22,77912.8571428571,"World",7.795e+09,0.999523504077706
"729",2020-04-23,77504.8571428571,"World",7.795e+09,0.994289379638963
"730",2020-04-24,77356.1428571429,"World",7.795e+09,0.992381563273161
"731",2020-04-25,77931.4285714286,"World",7.795e+09,0.999761752038853
"732",2020-04-26,78797.4285714286,"World",7.795e+09,1.01087143773481
"733",2020-04-27,81328.2857142857,"World",7.795e+09,1.04333913680931
"734",2020-04-28,80096.1428571429,"World",7.795e+09,1.0275323009255
"735",2020-04-29,79254.7142857143,"World",7.795e+09,1.01673783560891
"736",2020-04-30,79364.4285714286,"World",7.795e+09,1.0181453312563
"737",2020-05-01,79966.7142857143,"World",7.795e+09,1.02587189590397
"738",2020-05-02,79855,"World",7.795e+09,1.02443874278384
"739",2020-05-03,79509.8571428571,"World",7.795e+09,1.02001099605975
"740",2020-05-04,79381,"World",7.795e+09,1.01835792174471
"741",2020-05-05,80617,"World",7.795e+09,1.03421423989737
"742",2020-05-06,81035.4285714286,"World",7.795e+09,1.03958214972968
"743",2020-05-07,82155.8571428571,"World",7.795e+09,1.05395583249336
"744",2020-05-08,82287.2857142857,"World",7.795e+09,1.05564189498763
"745",2020-05-09,83184,"World",7.795e+09,1.06714560615779
"746",2020-05-10,83802.1428571429,"World",7.795e+09,1.07507559791075
"747",2020-05-11,84022.2857142857,"World",7.795e+09,1.07789975258866
"748",2020-05-12,83450.2857142857,"World",7.795e+09,1.07056171538532
"749",2020-05-13,84285.2857142857,"World",7.795e+09,1.08127371025383
"750",2020-05-14,84473.5714285714,"World",7.795e+09,1.08368917804453
"751",2020-05-15,84719.5714285714,"World",7.795e+09,1.08684504719142
"752",2020-05-16,84526.8571428571,"World",7.795e+09,1.08437276642536
"753",2020-05-17,85514.4285714286,"World",7.795e+09,1.09704205992853
"754",2020-05-18,87622.1428571429,"World",7.795e+09,1.12408137084211
"755",2020-05-19,87047.5714285714,"World",7.795e+09,1.11671034545954
"756",2020-05-20,89158,"World",7.795e+09,1.14378447722899
"757",2020-05-21,92504.5714285714,"World",7.795e+09,1.18671675982773
"758",2020-05-22,92881.1428571429,"World",7.795e+09,1.19154769540915
"759",2020-05-23,94800.8571428571,"World",7.795e+09,1.21617520388527
"760",2020-05-24,96052.2857142857,"World",7.795e+09,1.23222945111335
"761",2020-05-25,96108.5714285714,"World",7.795e+09,1.23295152570329
"762",2020-05-26,98189.2857142857,"World",7.795e+09,1.2596444607349
"763",2020-05-27,98367.2857142857,"World",7.795e+09,1.26192797580867
"764",2020-05-28,96976.7142857143,"World",7.795e+09,1.24408870154861
"765",2020-05-29,99827.2857142857,"World",7.795e+09,1.28065793090809
"766",2020-05-30,101359.714285714,"World",7.795e+09,1.30031705305599
"767",2020-05-31,103117,"World",7.795e+09,1.32286080821039
"768",2020-06-01,106163.285714286,"World",7.795e+09,1.36194080454504
"769",2020-06-02,109667.714285714,"World",7.795e+09,1.40689819481353
"770",2020-06-03,109862.714285714,"World",7.795e+09,1.40939979840557
"771",2020-06-04,114378.285714286,"World",7.795e+09,1.46732887382021
"772",2020-06-05,115382.714285714,"World",7.795e+09,1.48021442316503
"773",2020-06-06,117003.571428571,"World",7.795e+09,1.50100797214332
"774",2020-06-07,119893.714285714,"World",7.795e+09,1.5380848529277
"775",2020-06-08,120963.714285714,"World",7.795e+09,1.55181160084303
"776",2020-06-09,120344,"World",7.795e+09,1.54386144964721
"777",2020-06-10,122041.571428571,"World",7.795e+09,1.56563914597269
"778",2020-06-11,122218.857142857,"World",7.795e+09,1.56791349766334
"779",2020-06-12,124815.857142857,"World",7.795e+09,1.60122972601484
"780",2020-06-13,126816.714285714,"World",7.795e+09,1.62689819481353
"781",2020-06-14,126963.285714286,"World",7.795e+09,1.62877852102996
"782",2020-06-15,127117.857142857,"World",7.795e+09,1.63076147713736
"783",2020-06-16,128499,"World",7.795e+09,1.64847979474022
"784",2020-06-17,130596.571428571,"World",7.795e+09,1.67538898561349
"785",2020-06-18,138055,"World",7.795e+09,1.77107119948685
"786",2020-06-19,138988.285714286,"World",7.795e+09,1.78304407587281
"787",2020-06-20,138772.571428571,"World",7.795e+09,1.78027673417026
"788",2020-06-21,145536.857142857,"World",7.795e+09,1.86705397232658
"789",2020-06-22,148592.285714286,"World",7.795e+09,1.90625125996518
"790",2020-06-23,150594.285714286,"World",7.795e+09,1.93193439017685
"791",2020-06-24,152797.714285714,"World",7.795e+09,1.96020159442866
"792",2020-06-25,150923.142857143,"World",7.795e+09,1.93615321176578
"793",2020-06-26,155885.428571429,"World",7.795e+09,1.99981306698433
"794",2020-06-27,161677.571428571,"World",7.795e+09,2.07411894071291
"795",2020-06-28,162635.714285714,"World",7.795e+09,2.08641070283149
"796",2020-06-29,166212.857142857,"World",7.795e+09,2.1323009255017
"797",2020-06-30,171889.714285714,"World",7.795e+09,2.20512782919454
"798",2020-07-01,174640.285714286,"World",7.795e+09,2.24041418491707
"799",2020-07-02,175709,"World",7.795e+09,2.25412443874278
"800",2020-07-03,179779,"World",7.795e+09,2.30633739576652
"801",2020-07-04,184119.285714286,"World",7.795e+09,2.36201777696325
"802",2020-07-05,186078,"World",7.795e+09,2.38714560615779
"803",2020-07-06,189622.571428571,"World",7.795e+09,2.43261797855768
"804",2020-07-07,189426.714285714,"World",7.795e+09,2.43010537890589
"805",2020-07-08,191591.857142857,"World",7.795e+09,2.45788142582241
"806",2020-07-09,195758.571428571,"World",7.795e+09,2.51133510492074
"807",2020-07-10,198962.428571429,"World",7.795e+09,2.55243654357189
"808",2020-07-11,200244.428571429,"World",7.795e+09,2.56888298359754
"809",2020-07-12,204105.857142857,"World",7.795e+09,2.61842023274993
"810",2020-07-13,205871.285714286,"World",7.795e+09,2.64106845047191
"811",2020-07-14,209282.571428571,"World",7.795e+09,2.68483093558142
"812",2020-07-15,211803.285714286,"World",7.795e+09,2.7171685146156
"813",2020-07-16,214835.142857143,"World",7.795e+09,2.7560634106112
"814",2020-07-17,216182,"World",7.795e+09,2.77334188582425
"815",2020-07-18,221828.857142857,"World",7.795e+09,2.84578392742601
"816",2020-07-19,223635.571428571,"World",7.795e+09,2.86896178869239
"817",2020-07-20,225925.714285714,"World",7.795e+09,2.89834142765509
"818",2020-07-21,228073.142857143,"World",7.795e+09,2.92589022267021
"819",2020-07-22,230379.428571429,"World",7.795e+09,2.95547695409145
"820",2020-07-23,233526,"World",7.795e+09,2.99584348941629
"821",2020-07-24,240409.714285714,"World",7.795e+09,3.08415284523046
"822",2020-07-25,244171.571428571,"World",7.795e+09,3.13241271877577
"823",2020-07-26,248896.142857143,"World",7.795e+09,3.19302300009163
"824",2020-07-27,252444.857142857,"World",7.795e+09,3.23854852011363
"825",2020-07-28,254179.142857143,"World",7.795e+09,3.26079721433153
"826",2020-07-29,256045,"World",7.795e+09,3.28473380372033
"827",2020-07-30,257159.714285714,"World",7.795e+09,3.29903417941904
"828",2020-07-31,258189.714285714,"World",7.795e+09,3.31224777787959
"829",2020-08-01,259771.142857143,"World",7.795e+09,3.33253550810959
"830",2020-08-02,258630.714285714,"World",7.795e+09,3.31790525061853
"831",2020-08-03,259443.857142857,"World",7.795e+09,3.32833684596353
"832",2020-08-04,258498.428571429,"World",7.795e+09,3.31620819206451
"833",2020-08-05,257648.714285714,"World",7.795e+09,3.30530743150371
"834",2020-08-06,258676.285714286,"World",7.795e+09,3.31848987446165
"835",2020-08-07,256957.571428571,"World",7.795e+09,3.29644094199578
"836",2020-08-08,254910,"World",7.795e+09,3.27017318794099
"837",2020-08-09,256755.714285714,"World",7.795e+09,3.29385136992578
"838",2020-08-10,255931.714285714,"World",7.795e+09,3.28328049115734
"839",2020-08-11,256818.571428571,"World",7.795e+09,3.29465774764043
"840",2020-08-12,257851.571428571,"World",7.795e+09,3.30790983231009
"841",2020-08-13,260663.142857143,"World",7.795e+09,3.34397874095116
"842",2020-08-14,261510.571428571,"World",7.795e+09,3.35485017868597
"843",2020-08-15,263652.714285714,"World",7.795e+09,3.38233116466599
"844",2020-08-16,263140,"World",7.795e+09,3.37575368826171
"845",2020-08-17,262894.857142857,"World",7.795e+09,3.37260881517456
"846",2020-08-18,261549.142857143,"World",7.795e+09,3.35534500137451
"847",2020-08-19,261257.714285714,"World",7.795e+09,3.35160634106112
"848",2020-08-20,259048.857142857,"World",7.795e+09,3.32326949509759
"849",2020-08-21,258278.142857143,"World",7.795e+09,3.31338220470998
"850",2020-08-22,254894.857142857,"World",7.795e+09,3.26997892421882
"851",2020-08-23,251654.285714286,"World",7.795e+09,3.22840648767525
"852",2020-08-24,252226.714285714,"World",7.795e+09,3.23575002290846
"853",2020-08-25,252035,"World",7.795e+09,3.23329057087877
"854",2020-08-26,251805.571428571,"World",7.795e+09,3.23034729222029
"855",2020-08-27,252496.285714286,"World",7.795e+09,3.23920828369834
"856",2020-08-28,252264,"World",7.795e+09,3.23622835150738
"857",2020-08-29,254119.571428571,"World",7.795e+09,3.26003298817924
"858",2020-08-30,257110.428571429,"World",7.795e+09,3.29840190598369
"859",2020-08-31,258498.428571429,"World",7.795e+09,3.31620819206451
"860",2020-09-01,258789.714285714,"World",7.795e+09,3.31994501970127
"861",2020-09-02,263751.857142857,"World",7.795e+09,3.3836030422432
"862",2020-09-03,264781.142857143,"World",7.795e+09,3.39680747732063
"863",2020-09-04,265534.714285714,"World",7.795e+09,3.40647484651333
